STATE,ST_CASE,VE_TOTAL,VE_FORMS,PVH_INVL,PEDS,PERNOTMVIT,PERMVIT,PERSONS,COUNTY,CITY,DAY,MONTH,YEAR,DAY_WEEK,HOUR,MINUTE,NHS,RUR_URB,FUNC_SYS,RD_OWNER,ROUTE,TWAY_ID,TWAY_ID2,MILEPT,LATITUDE,LONGITUD,SP_JUR,HARM_EV,MAN_COLL,RELJCT1,RELJCT2,TYP_INT,WRK_ZONE,REL_ROAD,LGT_COND,WEATHER1,WEATHER2,WEATHER,SCH_BUS,RAIL,NOT_HOUR,NOT_MIN,ARR_HOUR,ARR_MIN,HOSP_HR,HOSP_MN,CF1,CF2,CF3,FATALS,DRUNK_DR
55,550001,1,1,0,0,0,1,1,25,0,2,1,2016,7,99,99,0,1,4,1,3,SR-113,,99998,43.25263889,-89.520461110000,0,26,0,0,1,1,0,3,2,1,0,1,0,0000000,6,27,6,40,7,31,0,0,0,1,1
55,550002,1,1,0,0,0,1,1,95,0,3,1,2016,1,99,99,0,1,4,1,3,SR-48,,99998,45.56942222,-92.170005560000,0,34,0,0,1,1,0,4,9,10,0,10,0,0000000,8,42,9,5,88,88,0,0,0,1,1
55,550003,2,2,0,0,0,2,2,21,1120,5,1,2016,3,9,14,1,2,3,1,2,US-151,,99998,43.32384444,-89.045316670000,0,12,1,0,1,1,0,1,1,1,0,1,0,0000000,9,17,9,24,88,88,0,0,0,1,0
55,550004,2,2,0,0,0,5,5,25,0,7,1,2016,5,9,42,1,1,3,1,2,US-14,,99998,43.09541944,-89.611813890000,0,12,2,0,1,1,0,1,1,10,0,10,0,0000000,99,99,99,99,99,99,0,0,0,1,0
55,550005,1,1,0,0,0,4,4,69,0,8,1,2016,6,17,53,1,1,2,1,2,US-51 RAMP,SR-64,99998,45.17549722,-89.645661110000,0,59,0,1,5,1,0,4,2,10,0,10,0,0000000,17,56,18,4,18,35,0,0,0,1,0
55,550006,2,2,0,0,0,2,2,53,0,9,1,2016,7,13,35,1,1,1,1,1,I-94,,99998,44.48104722,-91.113927780000,0,12,1,0,1,1,0,1,1,4,0,4,0,0000000,13,39,13,53,88,88,99,99,99,1,1
55,550007,1,1,0,0,0,1,1,33,0,12,1,2016,3,3,50,1,1,1,1,1,I-94,,99998,44.85675000,-91.658525000000,0,24,0,0,1,1,0,3,2,10,0,10,0,0000000,99,99,99,99,88,88,0,0,0,1,0
55,550008,2,2,0,0,0,3,3,45,0,4,1,2016,2,6,30,1,1,3,1,3,SR-11,,99998,42.58831944,-89.430763890000,0,12,8,0,1,1,0,1,2,1,0,1,0,0000000,6,31,6,46,99,99,0,0,0,1,0
55,550009,1,1,0,0,0,1,1,59,3795,13,1,2016,4,17,12,1,2,1,1,1,I-94 RAMP,CR-C/WILMOT RD,99998,42.54015556,-87.952052780000,0,38,0,1,5,1,0,4,2,10,0,10,0,0000000,17,15,17,25,17,50,0,0,0,1,0
55,550010,1,1,0,0,0,1,1,75,0,14,1,2016,5,2,10,0,1,5,2,4,CR-C,,0,45.38636389,-87.974794440000,0,34,0,0,1,1,0,4,2,10,0,10,0,0000000,2,12,2,28,88,88,0,0,0,1,1
55,550011,2,2,0,0,0,2,2,65,0,14,1,2016,5,17,20,0,1,4,1,3,SR-81,,9,99.99990000,999.999900000000,0,12,1,0,1,1,0,1,5,10,0,10,0,0000000,17,23,17,40,18,26,0,0,0,1,0
55,550012,2,2,0,0,0,2,2,117,0,20,1,2016,4,17,29,1,1,1,1,1,I-43,,99998,43.58699722,-87.788075000000,0,12,2,0,1,1,0,1,2,1,0,1,0,0000000,99,99,99,99,88,88,0,0,0,2,0
55,550013,2,2,0,0,0,5,5,79,3100,18,1,2016,2,20,49,0,2,7,4,6,OLIVE ST W,19TH ST N,0,43.09410278,-87.934286110000,0,12,7,0,2,2,0,1,3,1,0,1,0,0000000,99,99,99,99,99,99,0,0,0,1,0
55,550014,1,1,0,0,0,4,4,117,0,23,1,2016,7,2,22,0,1,7,3,5,RISSEEUW RD,,0,43.60138333,-87.862308330000,0,34,0,0,1,1,0,4,2,10,0,10,0,0000000,99,99,99,99,99,99,0,0,0,1,1
55,550015,2,2,0,0,0,9,9,79,3100,23,1,2016,7,10,45,1,2,3,4,6,PORT WASHINGTON AVE N,,0,43.08970833,-87.917175000000,0,12,1,0,1,1,0,1,1,10,0,10,0,0000000,10,49,10,52,88,88,0,0,0,1,0
55,550016,2,2,0,0,0,5,5,127,0,23,1,2016,7,19,50,0,1,4,1,3,SR-120,,99998,42.68257500,-88.404563890000,0,12,2,0,1,1,0,1,3,10,0,10,0,0000000,99,99,99,99,99,99,0,0,0,3,1
55,550017,3,3,0,0,0,4,4,35,0,17,1,2016,1,18,2,0,1,4,1,2,US-12,,99998,44.78525278,-91.354166670000,0,12,6,0,1,1,0,1,2,1,0,1,0,0000000,99,99,99,99,99,99,0,0,0,1,1
55,550018,2,2,0,0,0,3,3,97,3796,12,1,2016,3,19,18,1,2,3,1,2,US-51 BUSINESS,WILLOW DR,99998,44.45630000,-89.543788890000,0,12,6,0,2,2,0,1,3,10,0,10,0,0000000,19,23,19,33,19,57,0,0,0,1,0
55,550019,1,1,0,0,0,1,1,133,0,23,1,2016,7,19,17,1,1,1,1,1,I-43 RAMP,,99998,42.91026389,-88.218888890000,0,34,0,1,5,1,0,8,2,10,0,10,0,0000000,19,17,19,36,20,29,0,0,0,1,0
55,550020,1,1,0,0,0,1,1,9,9997,30,1,2016,7,2,6,0,2,4,1,3,SR-54 / MASON ST W,OVERLAND RD N,99998,44.50812500,-88.169247220000,3,30,0,0,3,3,0,4,3,1,0,1,0,0000000,2,6,2,31,88,88,0,0,0,1,1
55,550021,1,1,0,1,1,1,1,139,3620,27,1,2016,4,6,28,0,2,3,4,6,20TH AVE W,MONTANA ST,0,43.99583889,-88.546252780000,0,8,0,0,2,2,0,1,3,10,0,10,0,0000000,6,30,6,35,6,57,0,0,0,1,0
55,550022,1,1,0,2,2,2,2,19,0,28,1,2016,5,13,35,0,1,5,2,4,CR-A,,0,45.00206667,-90.408366670000,0,49,0,0,1,1,0,1,1,11,0,11,0,0000000,13,36,13,55,99,99,0,0,0,1,0
55,550023,2,2,0,0,0,2,2,5,0,13,1,2016,4,17,6,1,1,3,1,2,US-8,17TH ST,99998,45.39870278,-91.807250000000,0,12,6,0,2,2,0,1,5,10,0,10,0,0000000,17,8,17,21,88,88,0,0,0,1,0
55,550024,2,2,0,0,0,4,4,25,0,30,1,2016,7,15,7,0,1,4,2,4,CR-MM,,0,42.89715278,-89.373147220000,0,12,2,0,1,1,0,1,1,10,0,10,0,0000000,99,99,99,99,99,99,0,0,0,1,0
55,550025,2,2,0,0,0,6,6,105,440,22,1,2016,6,20,8,0,2,4,4,6,HACKETT ST,GRAND AVE W,0,42.50172778,-89.051480560000,0,12,6,0,2,2,0,1,2,1,0,1,0,0000000,99,99,99,99,99,99,0,0,0,1,1
55,550026,1,1,0,0,0,1,1,9,412,6,1,2016,4,23,30,1,2,2,1,3,SR-172,,99998,44.45318333,-87.972347220000,0,1,0,1,19,1,0,8,2,1,0,1,0,0000000,23,30,23,42,99,99,0,0,0,1,0
55,550027,1,1,0,0,0,1,1,45,0,1,2,2016,2,20,12,0,1,5,2,4,CR-C,CR-J,0,42.72683333,-89.724716670000,0,42,0,0,3,3,0,5,2,5,0,5,0,0000000,20,14,20,32,88,88,0,0,0,1,0
55,550028,1,1,0,0,0,1,1,127,0,4,2,2016,5,21,5,0,1,4,1,3,SR-59,,99998,42.80642222,-88.766358330000,0,30,0,0,1,1,0,4,2,10,0,10,0,0000000,99,99,99,99,88,88,0,0,0,1,1
55,550029,1,1,0,1,1,1,1,139,0,5,2,2016,6,23,43,0,1,5,2,4,CR-E,,0,44.01874722,-88.769147220000,0,8,0,0,1,1,0,1,2,1,0,1,0,0000000,88,88,88,88,88,88,0,0,0,1,0
55,550030,1,1,0,0,0,2,2,79,3100,7,2,2016,1,2,10,0,2,4,4,6,91ST ST N,,0,43.16254167,-88.024500000000,0,42,0,0,1,1,0,4,3,10,0,10,0,0000000,99,99,99,99,88,88,0,0,0,2,1
55,550031,2,2,0,1,1,5,5,133,5060,4,2,2016,5,17,54,1,2,3,1,3,SR-59,SR-164 / SUNSET DR E,99998,42.98678333,-88.207477780000,0,8,0,0,3,2,0,1,2,10,0,10,0,0000000,17,54,99,99,99,99,0,0,0,1,0
55,550032,2,2,0,0,0,2,2,111,310,10,2,2016,4,12,38,0,1,3,1,3,SR-33,,99998,43.47458889,-89.713166670000,0,12,6,0,1,1,0,1,1,1,0,1,0,0000000,99,99,99,99,88,88,0,0,0,1,0
55,550033,2,2,0,0,0,4,4,79,715,5,2,2016,6,20,30,0,2,3,1,3,SR-57,,99998,43.17644444,-87.961833330000,0,12,2,1,18,1,0,1,2,10,0,10,0,0000000,99,99,99,99,99,99,0,0,0,1,1
55,550034,1,1,0,0,0,3,3,79,715,11,2,2016,5,0,30,1,2,3,2,4,CR-D / TEUTONIA AVE N,,0,43.16914167,-87.964825000000,0,33,0,0,1,1,0,4,3,1,0,1,0,0000000,0,35,0,40,99,99,0,0,0,2,1
55,550035,2,2,0,0,0,3,3,19,0,4,2,2016,5,8,35,1,1,3,1,3,SR-29,CR-P,99998,44.94376944,-90.495733330000,0,12,6,0,2,2,0,1,1,1,0,1,0,0000000,8,40,8,49,10,12,0,0,0,1,0
55,550036,1,1,0,0,0,4,4,43,0,12,2,2016,6,0,1,0,1,5,2,4,CR-U,,0,42.70688333,-90.732338890000,0,5,0,0,1,1,0,1,2,10,0,10,0,0000000,88,88,88,88,88,88,0,0,0,1,1
55,550037,1,1,0,0,0,1,1,105,0,13,2,2016,7,8,16,0,1,5,3,5,RIVER RD,,0,42.62110000,-89.065375000000,0,34,0,0,1,1,0,4,1,1,0,1,0,0000000,8,24,8,31,88,88,0,0,0,1,1
55,550038,1,1,0,0,0,2,2,131,0,14,2,2016,1,1,40,0,1,7,3,5,DONEGAL RD,,0,43.23652222,-88.349766670000,0,42,0,0,1,1,0,4,2,1,0,1,0,0000000,1,59,99,99,99,99,0,0,0,1,1
55,550039,1,1,0,0,0,5,5,25,0,14,2,2016,1,13,55,1,1,3,1,2,US-18,,99998,43.00598056,-89.771397220000,0,1,0,0,1,1,0,4,1,4,0,4,0,0000000,13,59,14,8,14,45,0,0,0,1,0
55,550040,2,2,0,0,0,2,2,115,4320,1,2,2016,2,6,5,0,2,3,1,3,SR-47 / AIRPORT RD,,99998,44.77054167,-88.568627780000,0,12,2,0,1,1,0,1,2,10,0,10,0,0000000,6,9,6,16,88,88,0,0,0,1,0
55,550041,2,2,0,0,0,3,3,79,715,13,2,2016,7,23,59,1,2,3,1,3,SR-100,60TH ST N,0,43.17767222,-87.984552780000,0,12,6,0,2,2,0,1,2,1,0,1,0,0000000,23,59,99,99,99,99,0,0,0,1,1
55,550042,2,1,1,1,1,1,1,131,5170,15,2,2016,2,12,37,1,2,2,1,2,US-45,CHESTNUT ST,99998,43.42101111,-88.207308330000,0,8,0,0,1,1,0,2,1,10,0,10,0,0000000,12,40,12,44,88,88,23,0,0,1,0
55,550043,1,1,0,0,0,1,1,111,0,17,2,2016,4,9,36,0,1,4,2,4,CR-PF,,0,43.29305556,-89.749119440000,0,32,0,0,1,1,0,4,1,1,0,1,0,0000000,9,37,9,47,88,88,0,0,0,1,0
55,550044,2,2,0,0,0,2,2,105,0,18,2,2016,5,6,22,1,1,3,1,2,US-14,,99998,42.65751111,-88.889700000000,0,12,2,0,1,1,0,1,4,10,0,10,0,0000000,6,22,6,39,99,99,0,0,0,1,0
55,550045,2,2,0,0,0,4,4,125,0,19,2,2016,6,15,32,0,1,5,2,4,CR-M,,0,45.99319722,-89.682183330000,0,12,2,0,1,1,0,1,1,10,0,10,0,0000000,15,31,15,43,16,24,0,0,0,2,0
55,550046,2,2,0,0,0,6,6,141,3840,19,2,2016,6,21,15,0,2,4,2,4,CR-Z,,0,44.34110833,-89.844650000000,0,12,6,0,1,1,0,1,2,1,0,1,0,0000000,21,15,21,30,99,99,0,0,0,1,0
55,550047,2,2,0,0,0,4,4,9,2000,19,2,2016,6,21,39,0,2,4,2,4,CR-EB / PACKERLAND DR,OAKWOOD DR,0,44.51308056,-88.099352780000,0,12,6,0,2,2,0,1,3,1,0,1,0,0000000,21,39,21,44,99,99,0,0,0,2,2
55,550048,1,1,0,0,0,1,1,77,0,20,2,2016,7,10,6,0,2,7,3,5,7TH CT,,0,43.75452222,-89.481605560000,0,48,0,0,1,1,0,4,1,1,0,1,0,0000000,10,11,10,25,88,88,0,0,0,1,0
55,550049,1,1,0,0,0,4,4,21,0,21,2,2016,1,20,58,0,1,5,2,4,CR-P,WOLFGRAM RD / WHITE TAIL DR,0,43.51885000,-89.404769440000,0,34,0,0,1,1,0,4,2,1,0,1,0,0000000,20,57,21,16,99,99,0,0,0,3,0
55,550050,1,1,0,1,1,1,1,79,3100,22,2,2016,2,21,49,0,2,4,4,6,CESAR E CHAVEZ DR S,SR-59 / NATIONAL AVE W,0,43.02303889,-87.932988890000,0,8,0,0,3,2,0,1,3,1,0,1,0,0000000,99,99,99,99,99,99,0,0,0,1,0
55,550051,1,1,0,0,0,1,1,33,650,24,2,2016,4,7,50,0,1,6,3,5,COUNTY HIGHWAY O,,0,45.03786667,-92.054325000000,0,43,0,0,1,1,0,4,1,10,0,10,0,0000000,7,53,8,1,88,88,0,0,0,1,0
55,550052,1,1,0,0,0,3,3,79,715,25,2,2016,5,21,28,1,2,3,2,4,CR-G / SHERMAN BLVD N,,0,43.16358889,-87.964825000000,0,33,0,0,1,1,0,3,3,10,0,10,0,0000000,99,99,99,99,99,99,0,0,0,1,1
55,550053,1,1,0,1,1,1,1,83,0,26,2,2016,6,6,35,0,1,5,2,4,CR-A,,0,44.94983333,-87.950652780000,0,9,0,0,1,1,0,1,4,10,0,10,0,0000000,99,99,99,99,99,99,0,0,0,1,0
55,550054,2,2,0,0,0,2,2,79,3100,26,2,2016,6,1,1,0,2,3,1,3,SR-145,I-43 RAMP,99998,43.05044722,-87.926402780000,0,12,6,1,2,2,0,1,3,10,0,10,0,0000000,99,99,99,99,99,99,0,0,0,1,0
55,550055,1,1,0,0,0,1,1,95,0,27,2,2016,7,3,4,0,1,4,1,3,SR-46,,99998,45.26076389,-92.369508330000,0,42,0,0,1,1,0,5,2,1,0,1,0,0000000,3,6,3,15,88,88,0,0,0,1,1
55,550056,1,1,0,0,0,1,1,111,0,28,2,2016,1,15,20,0,1,5,2,4,CR-H,BIRCHWOOD RD,0,43.61627222,-89.830575000000,0,34,0,0,3,3,0,4,1,10,0,10,0,0000000,88,88,88,88,88,88,0,0,0,1,1
55,550057,1,1,0,0,0,2,2,133,1305,7,2,2016,1,12,21,0,2,4,4,6,MILWAUKEE ST,,0,43.05737222,-88.381016670000,0,42,0,0,1,1,0,4,1,1,0,1,0,0000000,12,21,12,25,12,48,0,0,0,1,0
55,550058,1,1,0,1,1,2,2,75,0,28,2,2016,1,0,3,0,1,5,2,4,CR-W,,0,45.25934444,-88.294530560000,0,8,0,0,1,1,0,1,2,10,0,10,0,0000000,0,7,0,41,88,88,0,0,0,1,0
55,550059,1,1,0,0,0,1,1,79,2010,29,2,2016,2,11,45,1,2,3,4,3,SR-36 / LOOMIS RD,,99998,42.93773889,-87.990061110000,0,21,0,0,1,1,0,5,1,10,0,10,0,0000000,99,99,99,99,88,88,20,0,0,1,1
55,550060,2,2,0,0,0,3,3,95,0,20,2,2016,7,10,44,1,1,3,1,2,US-8,120TH ST,99998,45.39588056,-92.407758330000,0,12,1,0,2,2,1,1,1,10,0,10,0,0000000,10,46,10,55,11,10,0,0,0,1,0
55,550061,1,1,0,0,0,2,2,81,0,5,2,2016,6,8,25,1,1,1,1,1,I-94,,99998,44.00312778,-90.479086110000,0,50,0,0,1,1,0,1,1,1,0,1,0,0000000,99,99,99,99,99,99,0,0,0,1,0
55,550062,3,3,0,0,0,3,3,127,2520,16,2,2016,3,16,13,1,2,3,1,3,SR-50 / MAIN ST W,ELMWOOD AVE,99998,42.59158056,-88.445330560000,0,12,6,0,1,1,0,1,1,4,0,4,0,0000000,99,99,99,99,99,99,0,0,0,1,0
55,550063,1,1,0,0,0,1,1,109,4140,29,2,2016,2,99,99,1,2,3,1,3,SR-35,,99998,44.87064444,-92.610408330000,0,34,0,0,1,1,0,4,9,99,0,99,0,0000000,10,55,11,2,88,88,0,0,0,1,0
55,550064,1,1,0,0,0,1,1,105,440,7,2,2016,1,14,25,0,2,4,4,6,MCKINLEY AVE,,0,42.53699722,-89.056336110000,0,42,0,0,1,1,0,5,1,10,0,10,0,0000000,14,26,14,32,14,56,0,0,0,1,0
55,550065,1,1,0,0,0,1,1,25,3220,20,2,2016,7,13,25,0,2,4,1,3,SR-78,,99998,42.99320278,-89.742858330000,0,51,0,0,1,1,0,4,1,1,0,1,0,0000000,99,99,99,99,99,99,0,0,0,1,0
55,550066,1,1,0,0,0,1,1,117,0,1,3,2016,3,17,35,0,1,7,3,5,STAHL RD,,0,43.68848333,-87.767302780000,0,42,0,0,1,1,0,5,1,10,0,10,0,0000000,99,99,99,97,99,97,0,0,0,1,0
55,550068,2,2,0,0,0,3,3,133,5060,1,3,2016,3,17,2,0,2,4,4,6,SPRINGDALE RD,CR-JJ / BLUEMOUND RD,0,43.03634167,-88.185925000000,0,12,6,0,2,2,0,1,5,10,0,10,0,0000000,17,2,99,99,99,99,0,0,0,1,0
55,550069,2,2,0,0,0,5,5,139,0,4,3,2016,6,17,17,0,1,6,3,5,OAK RIDGE RD,CR-CB,0,44.18514167,-88.505147220000,0,12,6,0,2,2,0,1,1,4,0,4,0,0000000,17,19,99,99,99,99,0,0,0,1,0
55,550070,1,1,0,0,0,1,1,127,0,4,3,2016,6,20,14,0,2,7,3,5,LAKESHORE DR,,0,42.60603056,-88.488005560000,0,42,0,0,1,1,0,4,2,4,0,4,0,0000000,99,99,99,99,88,88,0,0,0,1,1
55,550071,2,2,0,0,0,4,4,105,0,5,3,2016,7,2,15,0,1,4,1,2,US-51,,99998,42.80255833,-89.066447220000,0,12,6,0,1,1,0,1,2,4,0,4,0,0000000,2,15,2,30,99,99,0,0,0,1,1
55,550072,3,3,0,0,0,4,4,131,0,6,3,2016,1,15,16,1,1,3,1,3,SR-33,,99998,43.42744167,-88.316183330000,0,12,2,0,1,1,0,1,1,1,0,1,0,0000000,15,16,15,27,16,7,0,0,0,1,1
55,550073,1,1,0,0,0,1,1,27,0,5,3,2016,7,12,29,0,1,7,2,4,CR-DW,IDAHO RD,0,43.44230000,-88.411002780000,0,42,0,0,3,3,0,4,1,10,0,10,0,0000000,99,99,99,99,88,88,0,0,0,1,0
55,550074,1,1,0,1,1,1,1,25,2780,7,3,2016,2,19,59,0,2,4,4,6,ODANA RD,,0,43.04999722,-89.473161110000,0,8,0,0,1,1,0,1,2,10,0,10,0,0000000,19,59,20,4,20,19,0,0,0,1,0
55,550075,2,2,0,0,0,3,3,101,3224,7,3,2016,2,22,28,0,2,3,1,3,SR-20 / WASHINGTON AVE,90TH ST,99998,42.71933333,-87.894988890000,0,12,6,0,2,2,0,1,3,10,0,10,0,0000000,22,28,22,33,99,99,0,0,0,1,0
55,550076,1,1,0,1,1,2,2,79,3100,9,3,2016,4,2,53,0,2,4,4,6,ATKINSON AVE W,14TH ST N,0,43.08611944,-87.928469440000,0,8,0,0,3,2,0,1,3,10,0,10,0,0000000,99,99,99,99,88,88,0,0,0,1,0
55,550077,1,1,0,0,0,1,1,67,0,12,3,2016,7,7,20,1,1,3,1,2,US-45,,99998,45.03375833,-89.172997220000,0,34,0,0,1,1,0,4,1,1,0,1,0,0000000,99,99,99,99,88,88,0,0,0,1,0
55,550078,1,1,0,0,0,1,1,93,0,12,3,2016,7,2,45,0,1,3,1,2,US-63,825TH ST,99998,44.58598611,-92.544786110000,0,1,0,0,3,3,0,5,2,99,0,99,0,0000000,88,88,88,88,88,88,0,0,0,1,1
55,550079,2,2,0,0,0,6,6,73,0,16,3,2016,4,10,3,1,1,1,1,1,I-39,,99998,44.72283333,-89.670569440000,0,12,6,0,1,1,0,1,1,4,0,4,0,0000000,10,3,10,23,99,99,0,0,0,1,0
55,550080,1,1,0,0,0,1,1,135,0,17,3,2016,5,18,25,0,1,6,3,5,RAILROAD GRADE RD,,0,44.27187778,-88.951886110000,0,1,0,0,1,1,0,4,1,10,0,10,0,0000000,18,30,18,37,88,88,0,0,0,1,1
55,550081,1,1,0,1,1,1,1,55,2330,21,3,2016,2,7,41,0,2,4,4,6,DANE ST E,CENTER AVE S,0,42.99865833,-88.806183330000,0,8,0,0,3,2,0,1,1,1,0,1,0,0000000,7,42,7,44,88,88,0,0,0,1,0
55,550082,1,1,0,0,0,1,1,33,0,18,3,2016,6,15,10,0,1,5,1,3,SR-79,280TH ST,99998,45.07781667,-92.035772220000,0,42,0,0,3,3,0,5,1,1,0,1,0,0000000,15,18,15,24,88,88,0,0,0,1,1
55,550083,1,1,0,1,1,1,1,67,0,22,3,2016,3,13,51,0,1,5,2,4,CR-A,,0,45.31915833,-89.011627780000,0,9,0,0,1,1,0,2,1,1,0,1,0,0000000,13,53,14,10,88,88,0,0,0,1,0
55,550084,1,1,0,0,0,1,1,25,2780,9,3,2016,4,16,40,0,2,7,4,6,AGNES DR,,0,43.05681389,-89.457475000000,0,19,0,0,1,1,0,5,1,1,0,1,0,0000000,16,41,16,50,17,21,0,0,0,1,0
55,550085,1,1,0,0,0,1,1,19,0,23,3,2016,4,6,44,0,1,7,3,5,SHINERS RD,,0,44.54417222,-90.852108330000,0,11,0,0,1,1,0,1,2,10,0,10,0,0000000,88,88,88,88,88,88,0,0,0,1,1
55,550086,2,2,0,0,0,2,2,21,0,15,3,2016,3,3,33,0,1,4,1,3,SR-16,CR-A,99998,43.40093889,-89.145144440000,0,12,6,0,2,2,0,1,2,5,0,5,0,0000000,3,34,3,49,99,99,0,0,0,1,0
55,550087,2,2,0,0,0,3,3,131,0,24,3,2016,5,11,10,1,1,3,1,2,US-41,,99998,43.37530556,-88.301633330000,0,12,6,0,1,1,0,1,1,3,12,3,0,0000000,11,16,11,24,99,99,0,0,0,2,0
55,550088,2,2,0,0,0,2,2,131,0,24,3,2016,5,13,18,0,1,4,2,4,CR-K,,0,43.30340556,-88.352380560000,0,12,6,0,1,1,0,1,1,3,12,3,0,0000000,13,23,13,33,88,88,0,0,0,1,0
55,550089,2,2,0,0,0,2,2,25,2780,24,3,2016,5,18,22,1,2,2,1,3,SR-30,,99998,43.10653889,-89.315891670000,0,12,2,1,18,1,0,1,1,10,0,10,0,0000000,18,24,18,28,18,48,0,0,0,1,1
55,550090,1,1,0,0,0,1,1,39,1730,24,3,2016,5,21,26,1,2,4,2,4,CR-V,HAMPTON AVE,0,43.74932222,-88.421788890000,0,59,0,0,3,2,0,4,3,10,0,10,0,0000000,21,26,99,99,88,88,0,0,0,1,1
55,550091,2,2,0,0,0,5,5,23,0,17,3,2016,5,18,24,1,1,3,1,2,US-18,,99998,43.01455278,-91.103077780000,0,12,6,0,1,1,0,1,1,1,0,1,0,0000000,18,27,18,35,99,99,0,0,0,1,1
55,550092,2,2,0,0,0,2,2,95,0,25,3,2016,6,10,42,0,1,5,2,4,CR-P,60TH AVE,0,45.29511111,-92.198386110000,0,12,6,0,2,2,0,1,1,10,0,10,0,0000000,10,43,10,55,11,15,0,0,0,1,0
55,550093,2,2,0,0,0,3,3,43,0,25,3,2016,6,20,6,1,1,3,1,2,US-151,CLAY HOLLOW RD,99998,42.65647222,-90.572813890000,0,12,6,0,2,3,0,1,2,10,0,10,0,0000000,20,11,20,18,20,51,0,0,0,2,0
55,550094,1,1,0,1,1,1,1,79,3100,4,3,2016,6,20,35,0,2,4,2,4,CR-EE / HAMPTON AVE E,,0,43.10482500,-87.993461110000,0,9,0,0,1,1,0,1,3,4,0,4,0,0000000,99,99,99,99,88,88,0,0,0,1,0
55,550095,1,1,0,0,0,1,1,127,2520,6,3,2016,1,20,34,0,2,7,4,6,WILLIAMS ST,SHERIDAN SPRINGS RD E,0,42.60375000,-88.435563890000,0,33,0,0,3,3,0,4,3,1,0,1,0,0000000,99,99,99,99,99,99,0,0,0,1,1
55,550096,2,2,0,0,0,9,9,79,3100,26,3,2016,7,13,57,0,2,7,4,6,10TH ST N,ABERT PL W,0,43.08655833,-87.923458330000,0,12,6,0,2,2,0,1,1,1,0,1,0,0000000,99,99,99,99,99,99,0,0,0,1,0
55,550097,2,2,0,0,0,3,3,1,0,31,3,2016,5,17,0,1,1,3,1,3,SR-21,,99998,44.04751667,-90.003283330000,0,12,2,0,1,1,0,1,1,10,0,10,0,0000000,17,2,17,18,17,58,0,0,0,1,0
55,550098,1,1,0,0,0,2,2,25,0,18,3,2016,6,8,23,1,1,3,1,2,US-12,,99998,43.19224167,-89.571611110000,0,34,0,0,1,1,0,4,1,10,0,10,0,0000000,8,26,8,35,99,99,26,0,0,1,0
55,550099,1,1,0,1,1,1,1,81,4830,28,3,2016,2,4,15,1,2,3,1,3,SR-21,VANDERVORT ST,99998,44.02013889,-90.493538890000,0,8,0,0,2,2,0,1,2,10,0,10,0,0000000,4,18,99,99,88,88,0,0,0,1,0
55,550100,1,1,0,0,0,2,2,79,3100,22,2,2016,2,22,35,0,2,4,4,6,91ST ST N,,0,43.14619722,-88.025233330000,0,42,0,0,1,1,0,4,3,10,0,10,0,0000000,99,99,99,99,88,88,0,0,0,2,1
55,550101,1,1,0,1,1,0,0,79,3100,21,2,2016,1,21,42,0,2,7,4,6,65TH ST N,,0,43.09662778,-87.993163890000,0,8,0,0,1,1,0,1,3,10,0,10,0,0000000,99,99,99,99,88,88,0,0,0,1,0
55,550102,2,1,1,0,1,2,3,79,3100,26,2,2016,6,7,44,0,2,4,2,4,CR-S / MILL RD W,,0,43.13395278,-87.969269440000,0,14,0,0,1,1,0,4,1,1,0,1,1,0000000,99,99,99,99,99,99,0,0,0,2,1
55,550103,2,2,0,0,0,2,2,21,0,1,4,2016,6,9,30,0,1,4,1,3,SR-60,,99998,43.30140000,-89.597141670000,0,12,6,0,1,1,0,1,1,1,0,1,0,0000000,9,33,9,41,99,99,0,0,0,1,0
55,550104,1,1,0,0,0,3,3,19,0,2,4,2016,7,17,47,0,1,7,3,6,GRANTON RD,,0,44.58182222,-90.491486110000,0,1,0,0,1,1,0,4,1,10,0,10,0,0000000,17,50,18,3,99,99,0,0,0,2,0
55,550105,2,2,0,0,0,6,6,19,0,2,4,2016,7,18,48,0,1,7,3,5,HI LINE AVE,PINE ST,0,44.95266111,-90.336716670000,0,12,6,0,2,3,0,1,1,1,0,1,0,0000000,18,54,19,3,99,99,0,0,0,1,1
55,550106,2,2,0,0,0,6,6,75,0,3,4,2016,1,15,23,1,1,3,1,2,US-8,,99998,45.71993333,-87.947694440000,0,12,2,0,1,1,0,1,1,10,0,10,0,0000000,15,24,15,42,16,20,0,0,0,1,0
55,550107,1,1,0,0,0,1,1,35,1470,4,4,2016,2,17,41,1,2,2,1,2,US-53,,99998,44.83981667,-91.441897220000,0,1,0,0,1,1,0,4,1,1,0,1,0,0000000,99,99,99,99,99,99,0,0,0,1,0
55,550108,1,1,0,0,0,2,2,79,3100,2,4,2016,7,22,27,1,2,3,4,6,SILVER SPRING DR W,,99998,43.11936944,-88.032544440000,0,19,0,0,1,1,0,5,3,1,0,1,0,0000000,22,31,22,34,99,99,20,0,0,2,0
55,550109,1,1,0,1,1,1,1,79,3100,3,4,2016,1,23,20,0,2,6,4,6,CONGRESS ST W,,0,43.09708333,-88.009502780000,0,8,0,0,1,1,0,1,3,10,0,10,0,0000000,23,30,23,33,88,88,0,0,0,1,0